name,tier,type,city,state,lat,lng,description,url,status,notes
505omatic,Publisher,place,Albuquerque,NM,35.0844,-106.6504,Community news for Albuquerque,https://www.instagram.com/505omatic/,OK,
Aging in America,Publisher,beat,,,,,News and reporting on aging and older adults,https://aginginamerica.news/,OK,
Ang Diaryo,Publisher,place,,,,,News for the Filipino community,https://angdiaryo.org/,NEEDS LOCATION,
Atlantic City Focus,Publisher,place,Atlantic City,NJ,39.3643,-74.4229,Community news for Atlantic City,https://www.atlanticcityfocus.com/,OK,
Barrenside,Publisher,place,Glasgow,KY,36.9959,-85.9119,Community news for Barren County,https://barrenside.com/,CHECK,
Beaufort Journalism,Publisher,place,Beaufort,SC,32.4316,-80.6698,Community news for Beaufort,https://www.thebeaufortblog.com/,CHECK,
Black Belt News Network,Publisher,place,Selma,AL,32.4074,-87.0211,News for Alabama's Black Belt region,https://www.blackbeltnewsnetwork.com/,CHECK,
Bottom Up Media,Publisher,place,,,,,,https://theunfortunatetruth.substack.com/,NEEDS LOCATION,
Caribbean Television Network,Publisher,place,Brooklyn,NY,40.6782,-73.9442,News for the Caribbean diaspora,https://ctninfo.com/,CHECK,
"Climate, Gendered",Publisher,beat,,,,,Climate change reporting through a gender lens,https://www.climategendered.com/,OK,
COYOTE,Publisher,place,,,,,,https://www.coyotemedia.org/,NEEDS LOCATION,
Crosswinds,Publisher,place,,,,,,https://www.crosswindsnews.net/,NEEDS LOCATION,
Eden Prairie Local News,Publisher,place,Eden Prairie,MN,44.8547,-93.4708,Community news for Eden Prairie,https://www.eplocalnews.org/,OK,
Esta Es La Cosa,Publisher,place,,,,,Spanish-language community news,https://estaeslacosa.com/,NEEDS LOCATION,
Five Wards Media,Publisher,place,Houston,TX,29.7604,-95.3698,Community news rooted in Houston's historic wards,https://www.fivewardsmedia.com/,CHECK,
Four Points Press,Publisher,place,Austin,TX,30.3950,-97.8470,Community news for the Four Points area,https://fourpointspress.com/,CHECK,
Future Tides,Publisher,place,Seattle,WA,47.6062,-122.3321,Water access and maritime news for Puget Sound,https://www.futuretides.org/,CHECK,
Health Nation,Publisher,beat,,,,,Health reporting,,NEEDS LOCATION,
Hola Cultura,Publisher,place,Washington,DC,38.9072,-77.0369,Latino arts and culture in Washington DC,https://holacultura.com/,OK,
Juri•See,Publisher,beat,,,,,Courts and legal system coverage,https://www.jurisee.com/,CHECK,
Kaheāwai Media,Publisher,place,Honolulu,HI,21.3069,-157.8583,Native Hawaiian community news,https://kaheawaimedia.com/,CHECK,
La Conner Community News,Publisher,place,La Conner,WA,48.3915,-122.4974,Community news for La Conner,https://laconnercommunitynews.org/,OK,
La Verne Daily News,Publisher,place,La Verne,CA,34.1008,-117.7678,Community news for La Verne,https://lavernedaily.substack.com/,OK,
Mahalaya,Publisher,place,Chicago,IL,41.8781,-87.6298,Filipino American community news and zines,https://www.tinynewsco.org/print-makes-a-comeback-community-zines-are-part-of-tnc-founders-product-mix/,CHECK,
Margins to Mainstream,Publisher,place,,,,,,,NEEDS LOCATION,
Mat-Su Sentinel,Publisher,place,Wasilla,AK,61.5814,-149.4394,News for the Matanuska-Susitna Borough,https://www.matsusentinel.com/,OK,
Miami Affordable Magazine,Publisher,place,Miami,FL,25.7617,-80.1918,Affordability and housing news for Miami,https://www.miaaffordablemagazine.org/,OK,
News Relay Network,Publisher,place,,,,,,https://newsrelaynetwork.org/,NEEDS LOCATION,
Organ Mountain News,Publisher,place,Las Cruces,NM,32.3199,-106.7637,Community news for Las Cruces,https://www.organmountainnews.com/,OK,
Ottawa News Network,Publisher,place,Ottawa,IL,41.3456,-88.8426,Community news for Ottawa,https://www.ottawanewsnetwork.org/,CHECK,
Petaluma Voice,Publisher,place,Petaluma,CA,38.2324,-122.6367,Community news for Petaluma,https://petaluma-voice.monkeypod.io/give/support-petaluma-voice,OK,
Philly-Afghan Info Hub,Publisher,place,Philadelphia,PA,39.9526,-75.1652,News and information for Philadelphia's Afghan community,https://www.phillyafghaninfohub.org/,OK,
Pittsburgh Manifold,Publisher,place,Pittsburgh,PA,40.4406,-79.9959,Community news for Pittsburgh,https://www.pittsburghmanifold.com/,OK,
Planeta Venus,Publisher,place,Sacramento,CA,38.5816,-121.4944,Spanish-language community news,https://www.planetavenus.online/,CHECK,
Prior Lake News Compass,Publisher,place,Prior Lake,MN,44.7133,-93.4227,Community news for Prior Lake,https://plnewscompass.org/,OK,
Queer & Trans Wealth,Publisher,beat,,,,,Personal finance for queer and trans communities,https://www.queerandtranswealth.org/,OK,
Roseville Reader,Publisher,place,Roseville,MN,45.0061,-93.1566,Community news for Roseville,https://www.rosevillereader.com/,CHECK,
San Pedro Gazette,Publisher,place,San Pedro,CA,33.7361,-118.2922,Community news for San Pedro,https://sanpedrogazette.com/,OK,
Scene in Boston,Publisher,place,Boston,MA,42.3601,-71.0589,Community news for Boston,https://www.sceneinboston.org/,OK,
Spotlight Schools,Publisher,place,Los Alamitos,CA,33.8031,-118.0726,Education news for local schools,https://www.spotlightschools.com/,CHECK,
Sprawlism,Publisher,place,Houston,TX,29.7500,-95.3600,Urbanism and development news,https://www.sprawlism.com/,CHECK,
Synonym Magazine,Publisher,place,,,,,,https://www.synonym-mag.com/,NEEDS LOCATION,
Tayo,Publisher,beat,,,,,Help and information for the Filipino diaspora,https://www.tayohelp.com/,OK,
The 51st,Publisher,place,Washington,DC,38.9100,-77.0250,Community news for Washington DC,https://51st.news/,OK,
The Carrborean,Publisher,place,Carrboro,NC,35.9101,-79.0753,Community news for Carrboro,https://www.thecarrborean.com/,OK,
The Edge,Publisher,place,Berea,KY,37.5687,-84.2963,Community news for Berea,https://theedgebereaky.com/,OK,
The LA Reporter,Publisher,place,Los Angeles,CA,34.0522,-118.2437,Community news for Los Angeles,https://thelareporter.la/,OK,
The Latino Newsletter,Publisher,beat,,,,,National news for and about Latino communities,https://thelatinonewsletter.org/,OK,
The Leveler,Publisher,place,,,,,,https://www.thelevelernews.com/,NEEDS LOCATION,
The Lighthouse,Publisher,place,New York,NY,40.7128,-74.0060,Community news for New York City,https://thelighthousenyc.org/,OK,
The Neighborly,Publisher,place,Wytheville,VA,36.9485,-81.0848,Community news for Southwest Virginia,https://www.swvacountry.com/,CHECK,
The Optimist,Publisher,place,Minneapolis,MN,45.0260,-93.3000,Community news for North Minneapolis,http://theoptimist.mn/,CHECK,
The Oxford Free Press,Publisher,place,Oxford,OH,39.5070,-84.7452,Community news for Oxford,https://www.oxfreepress.com/,CHECK,
The School of US,Publisher,beat,,,,,Education reporting,,NEEDS LOCATION,
The SHOUT,Publisher,place,Wichita,KS,37.6872,-97.3301,Community news for Wichita,https://www.shoutwichita.com/,OK,
The Southlander,Publisher,place,Harvey,IL,41.5500,-87.6500,News for the Chicago Southland,https://thesouthlander.com/,CHECK,
The VP Chicago,Publisher,place,Chicago,IL,41.8700,-87.6500,Community news for Chicago,https://www.thevpchicago.org/,OK,
TMBP Media,Publisher,beat,,,,,Higher education and Black professional life,https://www.themillennialblackprofessor.com/,CHECK,
Tucker County Observer,Publisher,place,Parsons,WV,39.0962,-79.6809,Community news for Tucker County,https://www.linkedin.com/in/thomas-yocum-803b2b93/,OK,
Tucson Spotlight,Publisher,place,Tucson,AZ,32.2226,-110.9747,Community news for Tucson,https://www.tucsonspotlight.org/,OK,
Uplands-Uplifting News,Publisher,place,Upland,CA,34.0975,-117.6484,Community news for the Uplands,https://www.uplandsupliftingnews.com/,CHECK,
WBR Independent,Publisher,place,Port Allen,LA,30.4524,-91.2101,Community news for West Baton Rouge Parish,https://wbrindependent.com/,OK,
Whittier Informed,Publisher,place,Whittier,CA,33.9792,-118.0328,Community news for Whittier,,CHECK,
Witness PA,Publisher,place,,PA,,,News for Pennsylvania communities,,NEEDS LOCATION,
Woodbury News Net,Publisher,place,Woodbury,MN,44.9239,-92.9594,Community news for Woodbury,https://woodburynewsnet.org/,OK,
Austin Vida,Community,place,Austin,TX,30.2672,-97.7431,Latino arts and culture in Austin,https://www.austinvida.com/,OK,
Autonomy News,Community,beat,,,,,Disability news and reporting,https://www.autonomynews.co/,CHECK,
Black by God,Community,place,Charleston,WV,38.3498,-81.6326,News by and for Black West Virginians,https://blackbygod.org/,OK,
Carver County Local News,Community,place,Chaska,MN,44.7894,-93.6022,Community news for Carver County,https://cclocalnews.org/,OK,
Community Voices,Community,place,,VA,,,Community news for Virginia,https://www.communityvoicesva.org/,NEEDS LOCATION,
Connect Puerto Rico,Community,place,San Juan,PR,18.4655,-66.1057,News and information for Puerto Rico,https://www.connect-puertorico.com/,CHECK,
Dark Roast Report,Community,place,,,,,,https://dark-roast-report.ghost.io/,NEEDS LOCATION,
eShe,Community,place,New Delhi,,28.6139,77.2090,Women-led magazine published from India,http://www.eshe.in/,OK,
Ethiopique,Community,place,,,,,News for the Ethiopian diaspora,https://ethiopique.com/,NEEDS LOCATION,
Harvey World Herald,Community,place,Harvey,IL,41.6100,-87.6467,Community news for Harvey,https://harveyworld.org/,OK,
Investigate LA,Community,place,Los Angeles,CA,34.0600,-118.2500,Investigative reporting for Los Angeles,https://investigatela.org/,OK,
Lehigh Daily,Community,place,Allentown,PA,40.6023,-75.4714,News for the Lehigh Valley,https://lehighdaily.com/,CHECK,
Mendo Local,Community,place,Ukiah,CA,39.1502,-123.2078,Community news for Mendocino County,https://www.mendolocal.news/,OK,
Newsberg,Community,place,Newberg,OR,45.3001,-122.9732,Community news for Newberg,https://newsberg.org/,OK,
Nuestro Estado,Community,place,Columbia,SC,34.0007,-81.0348,Spanish-language news for South Carolina,https://nuestroestado.com/,CHECK,
Southpoint Access,Community,place,,,,,,https://southpointaccess.news/,NEEDS LOCATION,
Stumptown Savings,Community,place,Portland,OR,45.5152,-122.6784,Deals and affordability news for Portland,https://stumptownsavings.com/,OK,
Super Empty,Community,place,Portland,OR,45.5200,-122.6700,Urbanism and city life coverage,https://www.superempty.com/,CHECK,
The Fact Effect,Community,place,,,,,,http://www.thefacteffect.com/,NEEDS LOCATION,
The Intersection Magazine,Community,place,,,,,,https://www.theintersectionmag.com/,NEEDS LOCATION,
The Parlor Magazine,Community,place,,,,,,https://www.theparlormagazine.com/,NEEDS LOCATION,
The Platia,Community,place,,,,,,https://theplatia.com/,NEEDS LOCATION,
Winston Salem Sentinel,Community,place,Winston-Salem,NC,36.0999,-80.2442,Community news for Winston-Salem,,OK,
2Puntos Platform/VozColectiva,Alumni,place,Hartford,CT,41.7658,-72.6734,Spanish-language news and storytelling,https://2puntosplatform.com/,CHECK,
BLCK Press,Alumni,place,Minneapolis,MN,44.9778,-93.2650,News by and for Black communities,https://www.blckpress.com/,CHECK,
BoriMás,Alumni,place,,,,,News for the Puerto Rican diaspora,https://borimas.com/,NEEDS LOCATION,
Brunswick Bird Media,Alumni,place,,,,,Community news for Brunswick,https://thebrunswickbird.com/,NEEDS LOCATION,
D&N Sportscast,Alumni,beat,,,,,Sports coverage,,NEEDS LOCATION,
Estes Valley Voice,Alumni,place,Estes Park,CO,40.3772,-105.5217,Community news for the Estes Valley,https://estesvalleyvoice.com/,OK,
Get Involved Zuni,Alumni,place,Zuni Pueblo,NM,35.0717,-108.8506,Civic news and engagement for Zuni Pueblo,https://www.facebook.com/people/Get-Involved-Zuni/100063626340017/,OK,
Moodfuel,Alumni,place,Colorado Springs,CO,38.8339,-104.8214,Mental health news for Colorado,https://moodfuel.org/,CHECK,
Proof Media,Alumni,place,,,,,,,NEEDS LOCATION,
Rascal News,Alumni,beat,,,,,Worker-owned tabletop games journalism,https://www.rascal.news/,OK,
San Angelo News Journal,Alumni,place,San Angelo,TX,31.4638,-100.4370,Community news for San Angelo,,OK,
Sipp Talk,Alumni,place,Utica,MS,32.1043,-90.6204,Community storytelling in rural Mississippi,https://sippculture.org/jasmine-williams/,CHECK,
The Torch of Montclair,Alumni,place,Montclair,NJ,40.8259,-74.2090,Community news for Montclair,https://www.torchofmontclair.com/,OK,
UpLift Chronicles,Alumni,place,Albuquerque,NM,35.0844,-106.6504,Solutions news for New Mexico,https://www.upliftnewmexico.org/,CHECK,
Ravenous,Community,beat,,,,,Worker-owned food and culture writing,,CHECK,
